{"model_type": "logistic_regression", "feature_names": ["wallet_age_days", "wallet_age_months", "days_since_first_defi", "active_days_count", "tx_count", "tx_count_30d", "tx_count_90d", "tx_count_180d", "active_months_12", "aave_borrows", "aave_repays", "aave_liquidations_prior", "compound_borrows", "compound_repays", "compound_liquidations_prior", "total_borrows", "total_repays", "repayment_ratio", "prior_liquidation_count", "has_prior_liquidation", "protocols_used_count", "has_uniswap_lp", "has_staked_eth", "has_governance_vote", "total_portfolio_usd", "stablecoin_pct", "token_diversity", "has_eth", "has_ens", "is_gnosis_safe"], "scaler_mean": [569.572233572561, 18.98574111908537, 550.9427881219261, 134.42897828408687, 181.52712709149162, 4.051584193663225, 12.355571377714488, 24.4749021003916, 0.0, 1.1826272694909221, 0.9765396938412246, 0.027625489498042007, 2.7154147383410465, 1.9270202919188324, 0.3219651121395514, 3.8980420078319686, 2.903559985760057, 0.8024622798369531, 0.3495906016375934, 0.08974724101103596, 1.0493414026343895, 0.0, 0.08259166963332147, 0.0, 619953.3980903581, 18.8501245995016, 8.64560341758633, 0.7306514773940904, 0.0, 0.0], "scaler_scale": [682.4033700449525, 22.74677900149841, 588.2936914807099, 348.0113140652137, 672.9550597844317, 14.198714654725935, 42.503015432605984, 84.38499577402885, 1.0, 9.392025889360944, 7.306647416116884, 0.25205192948402966, 13.95289464490489, 13.684972635230228, 2.0270346855543364, 16.654269262489805, 15.409689064104521, 0.6416527630693751, 2.0384783787952983, 0.285819302605585, 0.3517546322687019, 1.0, 0.27526402914384174, 1.0, 2404758.0344345164, 39.11119101399783, 14.739879358522977, 0.4436213430121723, 1.0, 1.0], "coefficients": [-0.05649510935683223, -0.0564951093568322, -0.9041349631170431, -0.08758635618987762, 0.08134007469251209, 0.21908722718657495, 0.019444828433356383, -0.29937030249508845, 0.0, 0.27241922017208875, -0.0368414551853367, 0.010044613568000071, 0.0008712528472032376, -0.007132792049565405, 0.08520882721344314, 0.15435831060999414, -0.02380317901426567, -0.8107707391104011, 0.08597246570324901, 0.8566516704311073, -1.2827055951111053, 0.0, 0.9277407619716477, 0.0, -0.09959699136405642, 0.10845798077703325, 0.32594083606543045, -0.11415629622580425, 0.0, 0.0], "intercept": -1.1083967362563307}